{"cameraMode":{"drawMode":0,"name":"Shaded","section":"Shading Mode"},"sceneLighting":false,"audioPlay":false,"sceneViewState":{"m_AlwaysRefresh":false,"showFog":true,"showSkybox":true,"showFlares":true,"showImageEffects":true,"showParticleSystems":true,"showVisualEffectGraphs":true,"m_FxEnabled":true},"in2DMode":false,"pivot":{"x":3.3908603191375734,"y":3.806248188018799,"z":-1.5121219158172608},"rotation":{"x":0.09050986170768738,"y":0.026562735438346864,"z":-0.0024113445542752744,"w":0.995612382888794},"size":2.514458179473877,"orthographic":false}