{"cameraMode":{"drawMode":0,"name":"Shaded","section":"Shading Mode"},"sceneLighting":false,"audioPlay":false,"sceneViewState":{"m_AlwaysRefresh":false,"showFog":true,"showSkybox":true,"showFlares":true,"showImageEffects":true,"showParticleSystems":true,"showVisualEffectGraphs":true,"m_FxEnabled":true},"in2DMode":false,"pivot":{"x":2.75791597366333,"y":3.8107900619506838,"z":-0.034243106842041019},"rotation":{"x":-0.08004911243915558,"y":-0.027101755142211915,"z":0.002207268262282014,"w":-0.9964936971664429},"size":3.575812578201294,"orthographic":false}