{"cameraMode":{"drawMode":0,"name":"Shaded","section":"Shading Mode"},"sceneLighting":true,"audioPlay":false,"sceneViewState":{"m_AlwaysRefresh":false,"showFog":true,"showSkybox":true,"showFlares":true,"showImageEffects":true,"showParticleSystems":true,"showVisualEffectGraphs":true,"m_FxEnabled":true},"in2DMode":false,"pivot":{"x":-0.4814639687538147,"y":2.263184070587158,"z":13.596753120422364},"rotation":{"x":-0.031803276389837268,"y":0.008094210177659989,"z":-0.0002556520339567214,"w":-0.9994638562202454},"size":13.581060409545899,"orthographic":false}