{"cameraMode":{"drawMode":0,"name":"Shaded","section":"Shading Mode"},"sceneLighting":true,"audioPlay":false,"sceneViewState":{"m_AlwaysRefresh":false,"showFog":true,"showSkybox":true,"showFlares":true,"showImageEffects":true,"showParticleSystems":true,"showVisualEffectGraphs":true,"m_FxEnabled":true},"in2DMode":false,"pivot":{"x":-3.5121049880981447,"y":-19.16063690185547,"z":32.18478775024414},"rotation":{"x":0.24074812233448029,"y":-0.03639109060168266,"z":0.009034142829477787,"w":0.969867467880249},"size":30.161457061767579,"orthographic":false}