{"cameraMode":{"drawMode":0,"name":"Shaded","section":"Shading Mode"},"sceneLighting":true,"audioPlay":false,"sceneViewState":{"m_AlwaysRefresh":false,"showFog":true,"showSkybox":true,"showFlares":true,"showImageEffects":true,"showParticleSystems":true,"showVisualEffectGraphs":true,"m_FxEnabled":true},"in2DMode":false,"pivot":{"x":-2.90678071975708,"y":13.542614936828614,"z":-11.550875663757325},"rotation":{"x":-0.32005494832992556,"y":0.009800718165934086,"z":-0.00331445736810565,"w":-0.9473316669464111},"size":5.5280585289001469,"orthographic":false}