{"cameraMode":{"drawMode":0,"name":"Shaded","section":"Shading Mode"},"sceneLighting":true,"audioPlay":false,"sceneViewState":{"m_AlwaysRefresh":false,"showFog":true,"showSkybox":true,"showFlares":true,"showImageEffects":true,"showParticleSystems":true,"showVisualEffectGraphs":true,"m_FxEnabled":true},"in2DMode":false,"pivot":{"x":-4.772712230682373,"y":14.557700157165528,"z":18.868593215942384},"rotation":{"x":-0.03328953683376312,"y":-0.029380714520812036,"z":0.0009845409076660872,"w":-0.9990361928939819},"size":29.50894546508789,"orthographic":false}