{"cameraMode":{"drawMode":0,"name":"Shaded","section":"Shading Mode"},"sceneLighting":true,"audioPlay":false,"sceneViewState":{"m_AlwaysRefresh":false,"showFog":true,"showSkybox":true,"showFlares":true,"showImageEffects":true,"showParticleSystems":true,"showVisualEffectGraphs":true,"m_FxEnabled":true},"in2DMode":false,"pivot":{"x":1.378279685974121,"y":5.508478164672852,"z":-0.2617454528808594},"rotation":{"x":-0.010659181512892247,"y":0.00029802985955029726,"z":0.000008101230378088076,"w":-0.9999829530715942},"size":8.371538162231446,"orthographic":false}