{"cameraMode":{"drawMode":0,"name":"Shaded","section":"Shading Mode"},"sceneLighting":true,"audioPlay":false,"sceneViewState":{"m_AlwaysRefresh":false,"showFog":true,"showSkybox":true,"showFlares":true,"showImageEffects":true,"showParticleSystems":true,"showVisualEffectGraphs":true,"m_FxEnabled":true},"in2DMode":false,"pivot":{"x":-7.470755577087402,"y":1.1201934814453126,"z":-0.8107700347900391},"rotation":{"x":-0.1707305908203125,"y":0.27582380175590517,"z":-0.04984920471906662,"w":-0.9446158409118652},"size":12.694751739501954,"orthographic":false}