{"cameraMode":{"drawMode":0,"name":"Shaded","section":"Shading Mode"},"sceneLighting":true,"audioPlay":false,"sceneViewState":{"m_AlwaysRefresh":false,"showFog":true,"showSkybox":true,"showFlares":true,"showImageEffects":true,"showParticleSystems":true,"showVisualEffectGraphs":true,"m_FxEnabled":true},"in2DMode":false,"pivot":{"x":10.515222549438477,"y":0.33071041107177737,"z":-9.301267623901368},"rotation":{"x":-0.20680533349514008,"y":-0.06759759783744812,"z":0.01431993767619133,"w":-0.9759593605995178},"size":12.12435531616211,"orthographic":false}