{"cameraMode":{"drawMode":0,"name":"Shaded","section":"Shading Mode"},"sceneLighting":true,"audioPlay":false,"sceneViewState":{"m_AlwaysRefresh":false,"showFog":true,"showSkybox":true,"showFlares":true,"showImageEffects":true,"showParticleSystems":true,"showVisualEffectGraphs":true,"m_FxEnabled":true},"in2DMode":false,"pivot":{"x":1.6756610870361329,"y":8.767522811889649,"z":-5.539588928222656},"rotation":{"x":-0.1987779438495636,"y":0.023319333791732789,"z":-0.004770230036228895,"w":-0.9798040986061096},"size":9.429177284240723,"orthographic":false}