{"cameraMode":{"drawMode":0,"name":"Shaded","section":"Shading Mode"},"sceneLighting":true,"audioPlay":false,"sceneViewState":{"m_AlwaysRefresh":false,"showFog":true,"showSkybox":true,"showFlares":true,"showImageEffects":true,"showParticleSystems":true,"showVisualEffectGraphs":true,"m_FxEnabled":true},"in2DMode":false,"pivot":{"x":1.2392128705978394,"y":-6.896849155426025,"z":10.287492752075196},"rotation":{"x":-0.3251768946647644,"y":0.19577567279338838,"z":-0.06900689005851746,"w":-0.9226130247116089},"size":13.094456672668457,"orthographic":false}