{"cameraMode":{"drawMode":0,"name":"Shaded","section":"Shading Mode"},"sceneLighting":true,"audioPlay":false,"sceneViewState":{"m_AlwaysRefresh":false,"showFog":true,"showSkybox":true,"showFlares":true,"showImageEffects":true,"showParticleSystems":true,"showVisualEffectGraphs":true,"m_FxEnabled":true},"in2DMode":false,"pivot":{"x":101.67425537109375,"y":2.9954042434692385,"z":-17.918655395507814},"rotation":{"x":-0.21609161794185639,"y":-0.002345773857086897,"z":0.0005194808472879231,"w":-0.9763728976249695},"size":43.970787048339847,"orthographic":false}