{"cameraMode":{"drawMode":0,"name":"Shaded","section":"Shading Mode"},"sceneLighting":true,"audioPlay":false,"sceneViewState":{"m_AlwaysRefresh":false,"showFog":true,"showSkybox":true,"showFlares":true,"showImageEffects":true,"showParticleSystems":true,"showVisualEffectGraphs":true,"m_FxEnabled":true},"in2DMode":false,"pivot":{"x":3.5745275020599367,"y":5.856985092163086,"z":0.5923989415168762},"rotation":{"x":-0.14629928767681123,"y":-0.16039031744003297,"z":0.02404516190290451,"w":-0.9758608341217041},"size":9.384769439697266,"orthographic":false}