{"cameraMode":{"drawMode":0,"name":"Shaded","section":"Shading Mode"},"sceneLighting":true,"audioPlay":false,"sceneViewState":{"m_AlwaysRefresh":false,"showFog":true,"showSkybox":true,"showFlares":true,"showImageEffects":true,"showParticleSystems":true,"showVisualEffectGraphs":true,"m_FxEnabled":true},"in2DMode":false,"pivot":{"x":5.072554588317871,"y":1.5045223236083985,"z":1.6420743465423585},"rotation":{"x":0.16059961915016175,"y":-0.6847816109657288,"z":0.15880092978477479,"w":0.6929235458374023},"size":5.143179893493652,"orthographic":false}