{"cameraMode":{"drawMode":0,"name":"Shaded","section":"Shading Mode"},"sceneLighting":true,"audioPlay":false,"sceneViewState":{"m_AlwaysRefresh":false,"showFog":true,"showSkybox":true,"showFlares":true,"showImageEffects":true,"showParticleSystems":true,"showVisualEffectGraphs":true,"m_FxEnabled":true},"in2DMode":false,"pivot":{"x":3.374083995819092,"y":-2.0630147457122804,"z":10.108051300048829},"rotation":{"x":-0.2943149209022522,"y":-0.02021319605410099,"z":0.006230779457837343,"w":-0.9554688334465027},"size":16.837574005126954,"orthographic":false}