{"cameraMode":{"drawMode":0,"name":"Shaded","section":"Shading Mode"},"sceneLighting":true,"audioPlay":false,"sceneViewState":{"m_AlwaysRefresh":false,"showFog":true,"showSkybox":true,"showFlares":true,"showImageEffects":true,"showParticleSystems":true,"showVisualEffectGraphs":true,"m_FxEnabled":true},"in2DMode":false,"pivot":{"x":19.818016052246095,"y":12.513992309570313,"z":2.689479351043701},"rotation":{"x":0.11915856599807739,"y":-0.5632631182670593,"z":0.08235746622085571,"w":0.8135933876037598},"size":0.2055630385875702,"orthographic":false}