{"cameraMode":{"drawMode":0,"name":"Shaded","section":"Shading Mode"},"sceneLighting":true,"audioPlay":false,"sceneViewState":{"m_AlwaysRefresh":false,"showFog":true,"showSkybox":true,"showFlares":true,"showImageEffects":true,"showParticleSystems":true,"showVisualEffectGraphs":true,"m_FxEnabled":true},"in2DMode":false,"pivot":{"x":3.1839160919189455,"y":-0.43040740489959719,"z":7.898519992828369},"rotation":{"x":-0.20342645049095155,"y":0.23546767234802247,"z":-0.05051388964056969,"w":-0.9490624666213989},"size":18.289688110351564,"orthographic":false}