{"cameraMode":{"drawMode":0,"name":"Shaded","section":"Shading Mode"},"sceneLighting":true,"audioPlay":false,"sceneViewState":{"m_AlwaysRefresh":false,"showFog":true,"showSkybox":true,"showFlares":true,"showImageEffects":true,"showParticleSystems":true,"showVisualEffectGraphs":true,"m_FxEnabled":true},"in2DMode":false,"pivot":{"x":13.615532875061036,"y":-30.834396362304689,"z":22.79595375061035},"rotation":{"x":-0.24977590143680573,"y":-0.09943626821041107,"z":0.025768304243683816,"w":-0.962875485420227},"size":96.82523345947266,"orthographic":false}