{"cameraMode":{"drawMode":0,"name":"Shaded","section":"Shading Mode"},"sceneLighting":true,"audioPlay":false,"sceneViewState":{"m_AlwaysRefresh":false,"showFog":true,"showSkybox":true,"showFlares":true,"showImageEffects":true,"showParticleSystems":true,"showVisualEffectGraphs":true,"m_FxEnabled":true},"in2DMode":false,"pivot":{"x":-12.375998497009278,"y":-18.223175048828126,"z":38.01590347290039},"rotation":{"x":-0.26624196767807009,"y":0.022957632318139077,"z":-0.006463171448558569,"w":-0.963661789894104},"size":36.39838790893555,"orthographic":false}