{"cameraMode":{"drawMode":0,"name":"Shaded","section":"Shading Mode"},"sceneLighting":true,"audioPlay":false,"sceneViewState":{"m_AlwaysRefresh":false,"showFog":true,"showSkybox":true,"showFlares":true,"showImageEffects":true,"showParticleSystems":true,"showVisualEffectGraphs":true,"m_FxEnabled":true},"in2DMode":false,"pivot":{"x":16.148162841796876,"y":-17.174346923828126,"z":-2.055079936981201},"rotation":{"x":-0.4552712142467499,"y":0.020562563091516496,"z":-0.010515119880437851,"w":-0.8900609612464905},"size":43.87976837158203,"orthographic":false}