{"cameraMode":{"drawMode":0,"name":"Shaded","section":"Shading Mode"},"sceneLighting":false,"audioPlay":false,"sceneViewState":{"m_AlwaysRefresh":false,"showFog":true,"showSkybox":true,"showFlares":true,"showImageEffects":true,"showParticleSystems":true,"showVisualEffectGraphs":true,"m_FxEnabled":true},"in2DMode":false,"pivot":{"x":-0.025289490818977357,"y":0.7142466306686401,"z":0.4808652400970459},"rotation":{"x":-0.03601823002099991,"y":0.08563768863677979,"z":-0.003103935392573476,"w":-0.9957017302513123},"size":1.7860379219055176,"orthographic":false}