{"cameraMode":{"drawMode":0,"name":"Shaded","section":"Shading Mode"},"sceneLighting":false,"audioPlay":false,"sceneViewState":{"m_AlwaysRefresh":false,"showFog":true,"showSkybox":true,"showFlares":true,"showImageEffects":true,"showParticleSystems":true,"showVisualEffectGraphs":true,"m_FxEnabled":true},"in2DMode":false,"pivot":{"x":0.07795250415802002,"y":4.076860427856445,"z":-11.409530639648438},"rotation":{"x":-0.191490039229393,"y":0.029411591589450837,"z":-0.005906567443162203,"w":-0.9811127781867981},"size":1.2537270784378052,"orthographic":false}